2025-04-25T20:30:32.802037,user,hello
2025-04-25T20:30:34.940538,assistant,Hello! How can I assist you today?
2025-04-25T20:37:19.055053,user,hey
2025-04-25T20:37:20.341035,assistant,Hello! How can I support you today?
2025-04-25T20:37:27.077908,user,nothing much
2025-04-25T20:37:28.164691,assistant,"That's alright! If you ever have any questions, need advice, or just want to chat, I'm here for you. Take care!"
2025-05-06T16:05:53.209961,user,what do you know about Think round
2025-05-06T16:05:59.381620,assistant,"Think Round is a 501(c)3 nonprofit organization founded in July 2004 by artist and educator Heidi Hardin. The organization focuses on leading arts-based programs for children, youth, and families in traditionally underserved neighborhoods. Their core values include environmental awareness, universal spirituality, and the transformative power of creativity. Think Round Fine Arts, formerly known as Hardin Studios, is a nonprofit gallery that showcases work by students, families, and teachers from Think Round programs. The organization's mission is to demonstrate life's fullest potential through the arts and sciences, particularly in areas where environmental concerns intersect with family homes and neighborhoods. Think Round's programs explore cultural self-definition, the American dream, and the universality of the human family."
2025-05-06T16:06:38.587733,user,Thank you!
2025-05-06T16:06:41.096048,assistant,"You're welcome! If you have any more questions or need further information, feel free to ask. I'm here to help!"
